<beans xmlns="http://www.springframework.org/schema/beans"
	xmlns:xsi="http://www.w3.org/2001/XMLSchema-instance"
	xsi:schemaLocation="http://www.springframework.org/schema/beans http://www.springframework.org/schema/beans/spring-beans.xsd"
	default-autowire="byName">

	<!-- session共享设置 -->
	<bean
		class="org.springframework.session.data.redis.config.annotation.web.http.RedisHttpSessionConfiguration">
		<property name="maxInactiveIntervalInSeconds" value="3600"></property>
	</bean>

	<!-- redis配置 -->
	<bean
		class="org.springframework.beans.factory.config.PropertyPlaceholderConfigurer">
		<property name="systemPropertiesModeName" value="SYSTEM_PROPERTIES_MODE_OVERRIDE" />
		<property name="ignoreResourceNotFound" value="true" />
		<!-- <property name="locations"> <list> <value>classpath*:redis.properties</value> 
			</list> </property> -->
	</bean>
	<!-- redis连接池 -->
	<bean id="jedisPoolConfig" class="redis.clients.jedis.JedisPoolConfig">
		<!-- 最大连接数 -->
		<property name="maxTotal" value="${redis.maxTotal}"></property>
		<!-- 最大空闲连接数 -->
		<property name="maxIdle" value="${redis.maxIdle}"></property>
		<!-- 连接最小空闲时间 -->
		<property name="minEvictableIdleTimeMillis" value="${redis.minEvictableIdleTimeMillis}"></property>
		<!-- 每次释放连接的最大数 -->
		<property name="numTestsPerEvictionRun" value="${redis.numTestsPerEvictionRun}"></property>
		<!-- 释放连接的扫描间隔 -->
		<property name="timeBetweenEvictionRunsMillis" value="${redis.timeBetweenEvictionRunsMillis}"></property>
		<!-- 获取连接时最大等待毫秒数，小于零：阻塞不确定时间，默认-1 -->
		<property name="maxWaitMillis" value="1500"></property>
		<!-- 连接空闲多久后释放，当空闲时间>该值 且空闲连接>最大空闲连接数时直接释放 -->
		<property name="softMinEvictableIdleTimeMillis" value="10000"></property>
		<!-- 获取连接时检测有效性 -->
		<property name="testWhileIdle" value="true"></property>
		<!-- 连接耗尽时是否阻塞，false报异常，true阻塞知道超时，默认true -->
		<property name="blockWhenExhausted" value="false"></property>
	</bean>
	<!-- redis连接工厂 -->
	<bean id="jedisConnectionFactory"
		class="org.springframework.data.redis.connection.jedis.JedisConnectionFactory"
		destroy-method="destroy">
		<property name="poolConfig" ref="jedisPoolConfig"></property>
		<property name="hostName" value="${redis.hostName}"></property>
		<property name="port" value="${redis.port}"></property>
		<property name="password" value="${redis.password}"></property>
		<property name="timeout" value="${redis.timeout}"></property>
		<property name="usePool" value="${redis.usePool}"></property>
	</bean>
	<bean id="jedisTemplate" class="org.springframework.data.redis.core.RedisTemplate">
		<property name="connectionFactory" ref="jedisConnectionFactory"></property>
		<property name="keySerializer">
			<bean
				class="org.springframework.data.redis.serializer.StringRedisSerializer" />
		</property>
		<property name="valueSerializer">
			<bean
				class="org.springframework.data.redis.serializer.StringRedisSerializer" />
		</property>
	</bean>
</beans>  
